Filename,number
0_jackson_0,0
0_jackson_1,0
0_jackson_2,0
0_jackson_3,0
0_jackson_4,0
0_jackson_5,0
0_jackson_6,0
0_jackson_7,0
0_jackson_8,0
0_jackson_9,0
0_jackson_10,0
0_jackson_11,0
0_jackson_12,0
0_jackson_13,0
0_jackson_14,0
0_jackson_15,0
0_jackson_16,0
0_jackson_17,0
0_jackson_18,0
0_jackson_19,0
0_jackson_20,0
0_jackson_21,0
0_jackson_22,0
0_jackson_23,0
0_jackson_24,0
0_jackson_25,0
0_jackson_26,0
0_jackson_27,0
0_jackson_28,0
0_jackson_29,0
0_jackson_30,0
0_jackson_31,0
0_jackson_32,0
0_jackson_33,0
0_jackson_34,0
0_jackson_35,0
0_jackson_36,0
0_jackson_37,0
0_jackson_38,0
0_jackson_39,0
0_jackson_40,0
0_jackson_41,0
0_jackson_42,0
0_jackson_43,0
0_jackson_44,0
0_jackson_45,0
0_jackson_46,0
0_jackson_47,0
0_jackson_48,0
0_jackson_49,0
0_nicolas_0,0
0_nicolas_1,0
0_nicolas_2,0
0_nicolas_3,0
0_nicolas_4,0
0_nicolas_5,0
0_nicolas_6,0
0_nicolas_7,0
0_nicolas_8,0
0_nicolas_9,0
0_nicolas_10,0
0_nicolas_11,0
0_nicolas_12,0
0_nicolas_13,0
0_nicolas_14,0
0_nicolas_15,0
0_nicolas_16,0
0_nicolas_17,0
0_nicolas_18,0
0_nicolas_19,0
0_nicolas_20,0
0_nicolas_21,0
0_nicolas_22,0
0_nicolas_23,0
0_nicolas_24,0
0_nicolas_25,0
0_nicolas_26,0
0_nicolas_27,0
0_nicolas_28,0
0_nicolas_29,0
0_nicolas_30,0
0_nicolas_31,0
0_nicolas_32,0
0_nicolas_33,0
0_nicolas_34,0
0_nicolas_35,0
0_nicolas_36,0
0_nicolas_37,0
0_nicolas_38,0
0_nicolas_39,0
0_nicolas_40,0
0_nicolas_41,0
0_nicolas_42,0
0_nicolas_43,0
0_nicolas_44,0
0_nicolas_45,0
0_nicolas_46,0
0_nicolas_47,0
0_nicolas_48,0
0_nicolas_49,0
0_theo_0,0
0_theo_1,0
0_theo_2,0
0_theo_3,0
0_theo_4,0
0_theo_5,0
0_theo_6,0
0_theo_7,0
0_theo_8,0
0_theo_9,0
0_theo_10,0
0_theo_11,0
0_theo_12,0
0_theo_13,0
0_theo_14,0
0_theo_15,0
0_theo_16,0
0_theo_17,0
0_theo_18,0
0_theo_19,0
0_theo_20,0
0_theo_21,0
0_theo_22,0
0_theo_23,0
0_theo_24,0
0_theo_25,0
0_theo_26,0
0_theo_27,0
0_theo_28,0
0_theo_29,0
0_theo_30,0
0_theo_31,0
0_theo_32,0
0_theo_33,0
0_theo_34,0
0_theo_35,0
0_theo_36,0
0_theo_37,0
0_theo_38,0
0_theo_39,0
0_theo_40,0
0_theo_41,0
0_theo_42,0
0_theo_43,0
0_theo_44,0
0_theo_45,0
0_theo_46,0
0_theo_47,0
0_theo_48,0
0_theo_49,0
1_jackson_0,1
1_jackson_1,1
1_jackson_2,1
1_jackson_3,1
1_jackson_4,1
1_jackson_5,1
1_jackson_6,1
1_jackson_7,1
1_jackson_8,1
1_jackson_9,1
1_jackson_10,1
1_jackson_11,1
1_jackson_12,1
1_jackson_13,1
1_jackson_14,1
1_jackson_15,1
1_jackson_16,1
1_jackson_17,1
1_jackson_18,1
1_jackson_19,1
1_jackson_20,1
1_jackson_21,1
1_jackson_22,1
1_jackson_23,1
1_jackson_24,1
1_jackson_25,1
1_jackson_26,1
1_jackson_27,1
1_jackson_28,1
1_jackson_29,1
1_jackson_30,1
1_jackson_31,1
1_jackson_32,1
1_jackson_33,1
1_jackson_34,1
1_jackson_35,1
1_jackson_36,1
1_jackson_37,1
1_jackson_38,1
1_jackson_39,1
1_jackson_40,1
1_jackson_41,1
1_jackson_42,1
1_jackson_43,1
1_jackson_44,1
1_jackson_45,1
1_jackson_46,1
1_jackson_47,1
1_jackson_48,1
1_jackson_49,1
1_nicolas_0,1
1_nicolas_1,1
1_nicolas_2,1
1_nicolas_3,1
1_nicolas_4,1
1_nicolas_5,1
1_nicolas_6,1
1_nicolas_7,1
1_nicolas_8,1
1_nicolas_9,1
1_nicolas_10,1
1_nicolas_11,1
1_nicolas_12,1
1_nicolas_13,1
1_nicolas_14,1
1_nicolas_15,1
1_nicolas_16,1
1_nicolas_17,1
1_nicolas_18,1
1_nicolas_19,1
1_nicolas_20,1
1_nicolas_21,1
1_nicolas_22,1
1_nicolas_23,1
1_nicolas_24,1
1_nicolas_25,1
1_nicolas_26,1
1_nicolas_27,1
1_nicolas_28,1
1_nicolas_29,1
1_nicolas_30,1
1_nicolas_31,1
1_nicolas_32,1
1_nicolas_33,1
1_nicolas_34,1
1_nicolas_35,1
1_nicolas_36,1
1_nicolas_37,1
1_nicolas_38,1
1_nicolas_39,1
1_nicolas_40,1
1_nicolas_41,1
1_nicolas_42,1
1_nicolas_43,1
1_nicolas_44,1
1_nicolas_45,1
1_nicolas_46,1
1_nicolas_47,1
1_nicolas_48,1
1_nicolas_49,1
1_theo_0,1
1_theo_1,1
1_theo_2,1
1_theo_3,1
1_theo_4,1
1_theo_5,1
1_theo_6,1
1_theo_7,1
1_theo_8,1
1_theo_9,1
1_theo_10,1
1_theo_11,1
1_theo_12,1
1_theo_13,1
1_theo_14,1
1_theo_15,1
1_theo_16,1
1_theo_17,1
1_theo_18,1
1_theo_19,1
1_theo_20,1
1_theo_21,1
1_theo_22,1
1_theo_23,1
1_theo_24,1
1_theo_25,1
1_theo_26,1
1_theo_27,1
1_theo_28,1
1_theo_29,1
1_theo_30,1
1_theo_31,1
1_theo_32,1
1_theo_33,1
1_theo_34,1
1_theo_35,1
1_theo_36,1
1_theo_37,1
1_theo_38,1
1_theo_39,1
1_theo_40,1
1_theo_41,1
1_theo_42,1
1_theo_43,1
1_theo_44,1
1_theo_45,1
1_theo_46,1
1_theo_47,1
1_theo_48,1
1_theo_49,1
2_jackson_0,2
2_jackson_1,2
2_jackson_2,2
2_jackson_3,2
2_jackson_4,2
2_jackson_5,2
2_jackson_6,2
2_jackson_7,2
2_jackson_8,2
2_jackson_9,2
2_jackson_10,2
2_jackson_11,2
2_jackson_12,2
2_jackson_13,2
2_jackson_14,2
2_jackson_15,2
2_jackson_16,2
2_jackson_17,2
2_jackson_18,2
2_jackson_19,2
2_jackson_20,2
2_jackson_21,2
2_jackson_22,2
2_jackson_23,2
2_jackson_24,2
2_jackson_25,2
2_jackson_26,2
2_jackson_27,2
2_jackson_28,2
2_jackson_29,2
2_jackson_30,2
2_jackson_31,2
2_jackson_32,2
2_jackson_33,2
2_jackson_34,2
2_jackson_35,2
2_jackson_36,2
2_jackson_37,2
2_jackson_38,2
2_jackson_39,2
2_jackson_40,2
2_jackson_41,2
2_jackson_42,2
2_jackson_43,2
2_jackson_44,2
2_jackson_45,2
2_jackson_46,2
2_jackson_47,2
2_jackson_48,2
2_jackson_49,2
2_nicolas_0,2
2_nicolas_1,2
2_nicolas_2,2
2_nicolas_3,2
2_nicolas_4,2
2_nicolas_5,2
2_nicolas_6,2
2_nicolas_7,2
2_nicolas_8,2
2_nicolas_9,2
2_nicolas_10,2
2_nicolas_11,2
2_nicolas_12,2
2_nicolas_13,2
2_nicolas_14,2
2_nicolas_15,2
2_nicolas_16,2
2_nicolas_17,2
2_nicolas_18,2
2_nicolas_19,2
2_nicolas_20,2
2_nicolas_21,2
2_nicolas_22,2
2_nicolas_23,2
2_nicolas_24,2
2_nicolas_25,2
2_nicolas_26,2
2_nicolas_27,2
2_nicolas_28,2
2_nicolas_29,2
2_nicolas_30,2
2_nicolas_31,2
2_nicolas_32,2
2_nicolas_33,2
2_nicolas_34,2
2_nicolas_35,2
2_nicolas_36,2
2_nicolas_37,2
2_nicolas_38,2
2_nicolas_39,2
2_nicolas_40,2
2_nicolas_41,2
2_nicolas_42,2
2_nicolas_43,2
2_nicolas_44,2
2_nicolas_45,2
2_nicolas_46,2
2_nicolas_47,2
2_nicolas_48,2
2_nicolas_49,2
2_theo_0,2
2_theo_1,2
2_theo_2,2
2_theo_3,2
2_theo_4,2
2_theo_5,2
2_theo_6,2
2_theo_7,2
2_theo_8,2
2_theo_9,2
2_theo_10,2
2_theo_11,2
2_theo_12,2
2_theo_13,2
2_theo_14,2
2_theo_15,2
2_theo_16,2
2_theo_17,2
2_theo_18,2
2_theo_19,2
2_theo_20,2
2_theo_21,2
2_theo_22,2
2_theo_23,2
2_theo_24,2
2_theo_25,2
2_theo_26,2
2_theo_27,2
2_theo_28,2
2_theo_29,2
2_theo_30,2
2_theo_31,2
2_theo_32,2
2_theo_33,2
2_theo_34,2
2_theo_35,2
2_theo_36,2
2_theo_37,2
2_theo_38,2
2_theo_39,2
2_theo_40,2
2_theo_41,2
2_theo_42,2
2_theo_43,2
2_theo_44,2
2_theo_45,2
2_theo_46,2
2_theo_47,2
2_theo_48,2
2_theo_49,2
3_jackson_0,3
3_jackson_1,3
3_jackson_2,3
3_jackson_3,3
3_jackson_4,3
3_jackson_5,3
3_jackson_6,3
3_jackson_7,3
3_jackson_8,3
3_jackson_9,3
3_jackson_10,3
3_jackson_11,3
3_jackson_12,3
3_jackson_13,3
3_jackson_14,3
3_jackson_15,3
3_jackson_16,3
3_jackson_17,3
3_jackson_18,3
3_jackson_19,3
3_jackson_20,3
3_jackson_21,3
3_jackson_22,3
3_jackson_23,3
3_jackson_24,3
3_jackson_25,3
3_jackson_26,3
3_jackson_27,3
3_jackson_28,3
3_jackson_29,3
3_jackson_30,3
3_jackson_31,3
3_jackson_32,3
3_jackson_33,3
3_jackson_34,3
3_jackson_35,3
3_jackson_36,3
3_jackson_37,3
3_jackson_38,3
3_jackson_39,3
3_jackson_40,3
3_jackson_41,3
3_jackson_42,3
3_jackson_43,3
3_jackson_44,3
3_jackson_45,3
3_jackson_46,3
3_jackson_47,3
3_jackson_48,3
3_jackson_49,3
3_nicolas_0,3
3_nicolas_1,3
3_nicolas_2,3
3_nicolas_3,3
3_nicolas_4,3
3_nicolas_5,3
3_nicolas_6,3
3_nicolas_7,3
3_nicolas_8,3
3_nicolas_9,3
3_nicolas_10,3
3_nicolas_11,3
3_nicolas_12,3
3_nicolas_13,3
3_nicolas_14,3
3_nicolas_15,3
3_nicolas_16,3
3_nicolas_17,3
3_nicolas_18,3
3_nicolas_19,3
3_nicolas_20,3
3_nicolas_21,3
3_nicolas_22,3
3_nicolas_23,3
3_nicolas_24,3
3_nicolas_25,3
3_nicolas_26,3
3_nicolas_27,3
3_nicolas_28,3
3_nicolas_29,3
3_nicolas_30,3
3_nicolas_31,3
3_nicolas_32,3
3_nicolas_33,3
3_nicolas_34,3
3_nicolas_35,3
3_nicolas_36,3
3_nicolas_37,3
3_nicolas_38,3
3_nicolas_39,3
3_nicolas_40,3
3_nicolas_41,3
3_nicolas_42,3
3_nicolas_43,3
3_nicolas_44,3
3_nicolas_45,3
3_nicolas_46,3
3_nicolas_47,3
3_nicolas_48,3
3_nicolas_49,3
3_theo_0,3
3_theo_1,3
3_theo_2,3
3_theo_3,3
3_theo_4,3
3_theo_5,3
3_theo_6,3
3_theo_7,3
3_theo_8,3
3_theo_9,3
3_theo_10,3
3_theo_11,3
3_theo_12,3
3_theo_13,3
3_theo_14,3
3_theo_15,3
3_theo_16,3
3_theo_17,3
3_theo_18,3
3_theo_19,3
3_theo_20,3
3_theo_21,3
3_theo_22,3
3_theo_23,3
3_theo_24,3
3_theo_25,3
3_theo_26,3
3_theo_27,3
3_theo_28,3
3_theo_29,3
3_theo_30,3
3_theo_31,3
3_theo_32,3
3_theo_33,3
3_theo_34,3
3_theo_35,3
3_theo_36,3
3_theo_37,3
3_theo_38,3
3_theo_39,3
3_theo_40,3
3_theo_41,3
3_theo_42,3
3_theo_43,3
3_theo_44,3
3_theo_45,3
3_theo_46,3
3_theo_47,3
3_theo_48,3
3_theo_49,3
4_jackson_0,4
4_jackson_1,4
4_jackson_2,4
4_jackson_3,4
4_jackson_4,4
4_jackson_5,4
4_jackson_6,4
4_jackson_7,4
4_jackson_8,4
4_jackson_9,4
4_jackson_10,4
4_jackson_11,4
4_jackson_12,4
4_jackson_13,4
4_jackson_14,4
4_jackson_15,4
4_jackson_16,4
4_jackson_17,4
4_jackson_18,4
4_jackson_19,4
4_jackson_20,4
4_jackson_21,4
4_jackson_22,4
4_jackson_23,4
4_jackson_24,4
4_jackson_25,4
4_jackson_26,4
4_jackson_27,4
4_jackson_28,4
4_jackson_29,4
4_jackson_30,4
4_jackson_31,4
4_jackson_32,4
4_jackson_33,4
4_jackson_34,4
4_jackson_35,4
4_jackson_36,4
4_jackson_37,4
4_jackson_38,4
4_jackson_39,4
4_jackson_40,4
4_jackson_41,4
4_jackson_42,4
4_jackson_43,4
4_jackson_44,4
4_jackson_45,4
4_jackson_46,4
4_jackson_47,4
4_jackson_48,4
4_jackson_49,4
4_nicolas_0,4
4_nicolas_1,4
4_nicolas_2,4
4_nicolas_3,4
4_nicolas_4,4
4_nicolas_5,4
4_nicolas_6,4
4_nicolas_7,4
4_nicolas_8,4
4_nicolas_9,4
4_nicolas_10,4
4_nicolas_11,4
4_nicolas_12,4
4_nicolas_13,4
4_nicolas_14,4
4_nicolas_15,4
4_nicolas_16,4
4_nicolas_17,4
4_nicolas_18,4
4_nicolas_19,4
4_nicolas_20,4
4_nicolas_21,4
4_nicolas_22,4
4_nicolas_23,4
4_nicolas_24,4
4_nicolas_25,4
4_nicolas_26,4
4_nicolas_27,4
4_nicolas_28,4
4_nicolas_29,4
4_nicolas_30,4
4_nicolas_31,4
4_nicolas_32,4
4_nicolas_33,4
4_nicolas_34,4
4_nicolas_35,4
4_nicolas_36,4
4_nicolas_37,4
4_nicolas_38,4
4_nicolas_39,4
4_nicolas_40,4
4_nicolas_41,4
4_nicolas_42,4
4_nicolas_43,4
4_nicolas_44,4
4_nicolas_45,4
4_nicolas_46,4
4_nicolas_47,4
4_nicolas_48,4
4_nicolas_49,4
4_theo_0,4
4_theo_1,4
4_theo_2,4
4_theo_3,4
4_theo_4,4
4_theo_5,4
4_theo_6,4
4_theo_7,4
4_theo_8,4
4_theo_9,4
4_theo_10,4
4_theo_11,4
4_theo_12,4
4_theo_13,4
4_theo_14,4
4_theo_15,4
4_theo_16,4
4_theo_17,4
4_theo_18,4
4_theo_19,4
4_theo_20,4
4_theo_21,4
4_theo_22,4
4_theo_23,4
4_theo_24,4
4_theo_25,4
4_theo_26,4
4_theo_27,4
4_theo_28,4
4_theo_29,4
4_theo_30,4
4_theo_31,4
4_theo_32,4
4_theo_33,4
4_theo_34,4
4_theo_35,4
4_theo_36,4
4_theo_37,4
4_theo_38,4
4_theo_39,4
4_theo_40,4
4_theo_41,4
4_theo_42,4
4_theo_43,4
4_theo_44,4
4_theo_45,4
4_theo_46,4
4_theo_47,4
4_theo_48,4
4_theo_49,4
5_jackson_0,5
5_jackson_1,5
5_jackson_2,5
5_jackson_3,5
5_jackson_4,5
5_jackson_5,5
5_jackson_6,5
5_jackson_7,5
5_jackson_8,5
5_jackson_9,5
5_jackson_10,5
5_jackson_11,5
5_jackson_12,5
5_jackson_13,5
5_jackson_14,5
5_jackson_15,5
5_jackson_16,5
5_jackson_17,5
5_jackson_18,5
5_jackson_19,5
5_jackson_20,5
5_jackson_21,5
5_jackson_22,5
5_jackson_23,5
5_jackson_24,5
5_jackson_25,5
5_jackson_26,5
5_jackson_27,5
5_jackson_28,5
5_jackson_29,5
5_jackson_30,5
5_jackson_31,5
5_jackson_32,5
5_jackson_33,5
5_jackson_34,5
5_jackson_35,5
5_jackson_36,5
5_jackson_37,5
5_jackson_38,5
5_jackson_39,5
5_jackson_40,5
5_jackson_41,5
5_jackson_42,5
5_jackson_43,5
5_jackson_44,5
5_jackson_45,5
5_jackson_46,5
5_jackson_47,5
5_jackson_48,5
5_jackson_49,5
5_nicolas_0,5
5_nicolas_1,5
5_nicolas_2,5
5_nicolas_3,5
5_nicolas_4,5
5_nicolas_5,5
5_nicolas_6,5
5_nicolas_7,5
5_nicolas_8,5
5_nicolas_9,5
5_nicolas_10,5
5_nicolas_11,5
5_nicolas_12,5
5_nicolas_13,5
5_nicolas_14,5
5_nicolas_15,5
5_nicolas_16,5
5_nicolas_17,5
5_nicolas_18,5
5_nicolas_19,5
5_nicolas_20,5
5_nicolas_21,5
5_nicolas_22,5
5_nicolas_23,5
5_nicolas_24,5
5_nicolas_25,5
5_nicolas_26,5
5_nicolas_27,5
5_nicolas_28,5
5_nicolas_29,5
5_nicolas_30,5
5_nicolas_31,5
5_nicolas_32,5
5_nicolas_33,5
5_nicolas_34,5
5_nicolas_35,5
5_nicolas_36,5
5_nicolas_37,5
5_nicolas_38,5
5_nicolas_39,5
5_nicolas_40,5
5_nicolas_41,5
5_nicolas_42,5
5_nicolas_43,5
5_nicolas_44,5
5_nicolas_45,5
5_nicolas_46,5
5_nicolas_47,5
5_nicolas_48,5
5_nicolas_49,5
5_theo_0,5
5_theo_1,5
5_theo_2,5
5_theo_3,5
5_theo_4,5
5_theo_5,5
5_theo_6,5
5_theo_7,5
5_theo_8,5
5_theo_9,5
5_theo_10,5
5_theo_11,5
5_theo_12,5
5_theo_13,5
5_theo_14,5
5_theo_15,5
5_theo_16,5
5_theo_17,5
5_theo_18,5
5_theo_19,5
5_theo_20,5
5_theo_21,5
5_theo_22,5
5_theo_23,5
5_theo_24,5
5_theo_25,5
5_theo_26,5
5_theo_27,5
5_theo_28,5
5_theo_29,5
5_theo_30,5
5_theo_31,5
5_theo_32,5
5_theo_33,5
5_theo_34,5
5_theo_35,5
5_theo_36,5
5_theo_37,5
5_theo_38,5
5_theo_39,5
5_theo_40,5
5_theo_41,5
5_theo_42,5
5_theo_43,5
5_theo_44,5
5_theo_45,5
5_theo_46,5
5_theo_47,5
5_theo_48,5
5_theo_49,5
6_jackson_0,6
6_jackson_1,6
6_jackson_2,6
6_jackson_3,6
6_jackson_4,6
6_jackson_5,6
6_jackson_6,6
6_jackson_7,6
6_jackson_8,6
6_jackson_9,6
6_jackson_10,6
6_jackson_11,6
6_jackson_12,6
6_jackson_13,6
6_jackson_14,6
6_jackson_15,6
6_jackson_16,6
6_jackson_17,6
6_jackson_18,6
6_jackson_19,6
6_jackson_20,6
6_jackson_21,6
6_jackson_22,6
6_jackson_23,6
6_jackson_24,6
6_jackson_25,6
6_jackson_26,6
6_jackson_27,6
6_jackson_28,6
6_jackson_29,6
6_jackson_30,6
6_jackson_31,6
6_jackson_32,6
6_jackson_33,6
6_jackson_34,6
6_jackson_35,6
6_jackson_36,6
6_jackson_37,6
6_jackson_38,6
6_jackson_39,6
6_jackson_40,6
6_jackson_41,6
6_jackson_42,6
6_jackson_43,6
6_jackson_44,6
6_jackson_45,6
6_jackson_46,6
6_jackson_47,6
6_jackson_48,6
6_jackson_49,6
6_nicolas_0,6
6_nicolas_1,6
6_nicolas_2,6
6_nicolas_3,6
6_nicolas_4,6
6_nicolas_5,6
6_nicolas_6,6
6_nicolas_7,6
6_nicolas_8,6
6_nicolas_9,6
6_nicolas_10,6
6_nicolas_11,6
6_nicolas_12,6
6_nicolas_13,6
6_nicolas_14,6
6_nicolas_15,6
6_nicolas_16,6
6_nicolas_17,6
6_nicolas_18,6
6_nicolas_19,6
6_nicolas_20,6
6_nicolas_21,6
6_nicolas_22,6
6_nicolas_23,6
6_nicolas_24,6
6_nicolas_25,6
6_nicolas_26,6
6_nicolas_27,6
6_nicolas_28,6
6_nicolas_29,6
6_nicolas_30,6
6_nicolas_31,6
6_nicolas_32,6
6_nicolas_33,6
6_nicolas_34,6
6_nicolas_35,6
6_nicolas_36,6
6_nicolas_37,6
6_nicolas_38,6
6_nicolas_39,6
6_nicolas_40,6
6_nicolas_41,6
6_nicolas_42,6
6_nicolas_43,6
6_nicolas_44,6
6_nicolas_45,6
6_nicolas_46,6
6_nicolas_47,6
6_nicolas_48,6
6_nicolas_49,6
6_theo_0,6
6_theo_1,6
6_theo_2,6
6_theo_3,6
6_theo_4,6
6_theo_5,6
6_theo_6,6
6_theo_7,6
6_theo_8,6
6_theo_9,6
6_theo_10,6
6_theo_11,6
6_theo_12,6
6_theo_13,6
6_theo_14,6
6_theo_15,6
6_theo_16,6
6_theo_17,6
6_theo_18,6
6_theo_19,6
6_theo_20,6
6_theo_21,6
6_theo_22,6
6_theo_23,6
6_theo_24,6
6_theo_25,6
6_theo_26,6
6_theo_27,6
6_theo_28,6
6_theo_29,6
6_theo_30,6
6_theo_31,6
6_theo_32,6
6_theo_33,6
6_theo_34,6
6_theo_35,6
6_theo_36,6
6_theo_37,6
6_theo_38,6
6_theo_39,6
6_theo_40,6
6_theo_41,6
6_theo_42,6
6_theo_43,6
6_theo_44,6
6_theo_45,6
6_theo_46,6
6_theo_47,6
6_theo_48,6
6_theo_49,6
7_jackson_0,7
7_jackson_1,7
7_jackson_2,7
7_jackson_3,7
7_jackson_4,7
7_jackson_5,7
7_jackson_6,7
7_jackson_7,7
7_jackson_8,7
7_jackson_9,7
7_jackson_10,7
7_jackson_11,7
7_jackson_12,7
7_jackson_13,7
7_jackson_14,7
7_jackson_15,7
7_jackson_16,7
7_jackson_17,7
7_jackson_18,7
7_jackson_19,7
7_jackson_20,7
7_jackson_21,7
7_jackson_22,7
7_jackson_23,7
7_jackson_24,7
7_jackson_25,7
7_jackson_26,7
7_jackson_27,7
7_jackson_28,7
7_jackson_29,7
7_jackson_30,7
7_jackson_31,7
7_jackson_32,7
7_jackson_33,7
7_jackson_34,7
7_jackson_35,7
7_jackson_36,7
7_jackson_37,7
7_jackson_38,7
7_jackson_39,7
7_jackson_40,7
7_jackson_41,7
7_jackson_42,7
7_jackson_43,7
7_jackson_44,7
7_jackson_45,7
7_jackson_46,7
7_jackson_47,7
7_jackson_48,7
7_jackson_49,7
7_nicolas_0,7
7_nicolas_1,7
7_nicolas_2,7
7_nicolas_3,7
7_nicolas_4,7
7_nicolas_5,7
7_nicolas_6,7
7_nicolas_7,7
7_nicolas_8,7
7_nicolas_9,7
7_nicolas_10,7
7_nicolas_11,7
7_nicolas_12,7
7_nicolas_13,7
7_nicolas_14,7
7_nicolas_15,7
7_nicolas_16,7
7_nicolas_17,7
7_nicolas_18,7
7_nicolas_19,7
7_nicolas_20,7
7_nicolas_21,7
7_nicolas_22,7
7_nicolas_23,7
7_nicolas_24,7
7_nicolas_25,7
7_nicolas_26,7
7_nicolas_27,7
7_nicolas_28,7
7_nicolas_29,7
7_nicolas_30,7
7_nicolas_31,7
7_nicolas_32,7
7_nicolas_33,7
7_nicolas_34,7
7_nicolas_35,7
7_nicolas_36,7
7_nicolas_37,7
7_nicolas_38,7
7_nicolas_39,7
7_nicolas_40,7
7_nicolas_41,7
7_nicolas_42,7
7_nicolas_43,7
7_nicolas_44,7
7_nicolas_45,7
7_nicolas_46,7
7_nicolas_47,7
7_nicolas_48,7
7_nicolas_49,7
7_theo_0,7
7_theo_1,7
7_theo_2,7
7_theo_3,7
7_theo_4,7
7_theo_5,7
7_theo_6,7
7_theo_7,7
7_theo_8,7
7_theo_9,7
7_theo_10,7
7_theo_11,7
7_theo_12,7
7_theo_13,7
7_theo_14,7
7_theo_15,7
7_theo_16,7
7_theo_17,7
7_theo_18,7
7_theo_19,7
7_theo_20,7
7_theo_21,7
7_theo_22,7
7_theo_23,7
7_theo_24,7
7_theo_25,7
7_theo_26,7
7_theo_27,7
7_theo_28,7
7_theo_29,7
7_theo_30,7
7_theo_31,7
7_theo_32,7
7_theo_33,7
7_theo_34,7
7_theo_35,7
7_theo_36,7
7_theo_37,7
7_theo_38,7
7_theo_39,7
7_theo_40,7
7_theo_41,7
7_theo_42,7
7_theo_43,7
7_theo_44,7
7_theo_45,7
7_theo_46,7
7_theo_47,7
7_theo_48,7
7_theo_49,7
8_jackson_0,8
8_jackson_1,8
8_jackson_2,8
8_jackson_3,8
8_jackson_4,8
8_jackson_5,8
8_jackson_6,8
8_jackson_7,8
8_jackson_8,8
8_jackson_9,8
8_jackson_10,8
8_jackson_11,8
8_jackson_12,8
8_jackson_13,8
8_jackson_14,8
8_jackson_15,8
8_jackson_16,8
8_jackson_17,8
8_jackson_18,8
8_jackson_19,8
8_jackson_20,8
8_jackson_21,8
8_jackson_22,8
8_jackson_23,8
8_jackson_24,8
8_jackson_25,8
8_jackson_26,8
8_jackson_27,8
8_jackson_28,8
8_jackson_29,8
8_jackson_30,8
8_jackson_31,8
8_jackson_32,8
8_jackson_33,8
8_jackson_34,8
8_jackson_35,8
8_jackson_36,8
8_jackson_37,8
8_jackson_38,8
8_jackson_39,8
8_jackson_40,8
8_jackson_41,8
8_jackson_42,8
8_jackson_43,8
8_jackson_44,8
8_jackson_45,8
8_jackson_46,8
8_jackson_47,8
8_jackson_48,8
8_jackson_49,8
8_nicolas_0,8
8_nicolas_1,8
8_nicolas_2,8
8_nicolas_3,8
8_nicolas_4,8
8_nicolas_5,8
8_nicolas_6,8
8_nicolas_7,8
8_nicolas_8,8
8_nicolas_9,8
8_nicolas_10,8
8_nicolas_11,8
8_nicolas_12,8
8_nicolas_13,8
8_nicolas_14,8
8_nicolas_15,8
8_nicolas_16,8
8_nicolas_17,8
8_nicolas_18,8
8_nicolas_19,8
8_nicolas_20,8
8_nicolas_21,8
8_nicolas_22,8
8_nicolas_23,8
8_nicolas_24,8
8_nicolas_25,8
8_nicolas_26,8
8_nicolas_27,8
8_nicolas_28,8
8_nicolas_29,8
8_nicolas_30,8
8_nicolas_31,8
8_nicolas_32,8
8_nicolas_33,8
8_nicolas_34,8
8_nicolas_35,8
8_nicolas_36,8
8_nicolas_37,8
8_nicolas_38,8
8_nicolas_39,8
8_nicolas_40,8
8_nicolas_41,8
8_nicolas_42,8
8_nicolas_43,8
8_nicolas_44,8
8_nicolas_45,8
8_nicolas_46,8
8_nicolas_47,8
8_nicolas_48,8
8_nicolas_49,8
8_theo_0,8
8_theo_1,8
8_theo_2,8
8_theo_3,8
8_theo_4,8
8_theo_5,8
8_theo_6,8
8_theo_7,8
8_theo_8,8
8_theo_9,8
8_theo_10,8
8_theo_11,8
8_theo_12,8
8_theo_13,8
8_theo_14,8
8_theo_15,8
8_theo_16,8
8_theo_17,8
8_theo_18,8
8_theo_19,8
8_theo_20,8
8_theo_21,8
8_theo_22,8
8_theo_23,8
8_theo_24,8
8_theo_25,8
8_theo_26,8
8_theo_27,8
8_theo_28,8
8_theo_29,8
8_theo_30,8
8_theo_31,8
8_theo_32,8
8_theo_33,8
8_theo_34,8
8_theo_35,8
8_theo_36,8
8_theo_37,8
8_theo_38,8
8_theo_39,8
8_theo_40,8
8_theo_41,8
8_theo_42,8
8_theo_43,8
8_theo_44,8
8_theo_45,8
8_theo_46,8
8_theo_47,8
8_theo_48,8
8_theo_49,8
9_jackson_0,9
9_jackson_1,9
9_jackson_2,9
9_jackson_3,9
9_jackson_4,9
9_jackson_5,9
9_jackson_6,9
9_jackson_7,9
9_jackson_8,9
9_jackson_9,9
9_jackson_10,9
9_jackson_11,9
9_jackson_12,9
9_jackson_13,9
9_jackson_14,9
9_jackson_15,9
9_jackson_16,9
9_jackson_17,9
9_jackson_18,9
9_jackson_19,9
9_jackson_20,9
9_jackson_21,9
9_jackson_22,9
9_jackson_23,9
9_jackson_24,9
9_jackson_25,9
9_jackson_26,9
9_jackson_27,9
9_jackson_28,9
9_jackson_29,9
9_jackson_30,9
9_jackson_31,9
9_jackson_32,9
9_jackson_33,9
9_jackson_34,9
9_jackson_35,9
9_jackson_36,9
9_jackson_37,9
9_jackson_38,9
9_jackson_39,9
9_jackson_40,9
9_jackson_41,9
9_jackson_42,9
9_jackson_43,9
9_jackson_44,9
9_jackson_45,9
9_jackson_46,9
9_jackson_47,9
9_jackson_48,9
9_jackson_49,9
9_nicolas_0,9
9_nicolas_1,9
9_nicolas_2,9
9_nicolas_3,9
9_nicolas_4,9
9_nicolas_5,9
9_nicolas_6,9
9_nicolas_7,9
9_nicolas_8,9
9_nicolas_9,9
9_nicolas_10,9
9_nicolas_11,9
9_nicolas_12,9
9_nicolas_13,9
9_nicolas_14,9
9_nicolas_15,9
9_nicolas_16,9
9_nicolas_17,9
9_nicolas_18,9
9_nicolas_19,9
9_nicolas_20,9
9_nicolas_21,9
9_nicolas_22,9
9_nicolas_23,9
9_nicolas_24,9
9_nicolas_25,9
9_nicolas_26,9
9_nicolas_27,9
9_nicolas_28,9
9_nicolas_29,9
9_nicolas_30,9
9_nicolas_31,9
9_nicolas_32,9
9_nicolas_33,9
9_nicolas_34,9
9_nicolas_35,9
9_nicolas_36,9
9_nicolas_37,9
9_nicolas_38,9
9_nicolas_39,9
9_nicolas_40,9
9_nicolas_41,9
9_nicolas_42,9
9_nicolas_43,9
9_nicolas_44,9
9_nicolas_45,9
9_nicolas_46,9
9_nicolas_47,9
9_nicolas_48,9
9_nicolas_49,9
9_theo_0,9
9_theo_1,9
9_theo_2,9
9_theo_3,9
9_theo_4,9
9_theo_5,9
9_theo_6,9
9_theo_7,9
9_theo_8,9
9_theo_9,9
9_theo_10,9
9_theo_11,9
9_theo_12,9
9_theo_13,9
9_theo_14,9
9_theo_15,9
9_theo_16,9
9_theo_17,9
9_theo_18,9
9_theo_19,9
9_theo_20,9
9_theo_21,9
9_theo_22,9
9_theo_23,9
9_theo_24,9
9_theo_25,9
9_theo_26,9
9_theo_27,9
9_theo_28,9
9_theo_29,9
9_theo_30,9
9_theo_31,9
9_theo_32,9
9_theo_33,9
9_theo_34,9
9_theo_35,9
9_theo_36,9
9_theo_37,9
9_theo_38,9
9_theo_39,9
9_theo_40,9
9_theo_41,9
9_theo_42,9
9_theo_43,9
9_theo_44,9
9_theo_45,9
9_theo_46,9
9_theo_47,9
9_theo_48,9
9_theo_49,9
